CREATE TABLE Customers (
    customer_id VARCHAR(10) PRIMARY KEY,
    customer_name VARCHAR(100) NOT NULL,
    customer_email VARCHAR(100) NOT NULL,
    customer_city VARCHAR(50) NOT NULL
);

CREATE TABLE Products (
    product_id VARCHAR(10) PRIMARY KEY,
    product_name VARCHAR(100) NOT NULL,
    category VARCHAR(50) NOT NULL,
    unit_price DECIMAL(10,2) NOT NULL
);

CREATE TABLE SalesReps (
    sales_rep_id VARCHAR(10) PRIMARY KEY,
    sales_rep_name VARCHAR(100) NOT NULL,
    sales_rep_email VARCHAR(100) NOT NULL,
    office_address TEXT NOT NULL
);

CREATE TABLE Orders (
    order_id VARCHAR(10) PRIMARY KEY,
    order_date DATE NOT NULL,
    customer_id VARCHAR(10),
    sales_rep_id VARCHAR(10),
    FOREIGN KEY (customer_id) REFERENCES Customers(customer_id),
    FOREIGN KEY (sales_rep_id) REFERENCES SalesReps(sales_rep_id)
);

CREATE TABLE OrderItems (
    order_item_id INTEGER PRIMARY KEY AUTOINCREMENT,
    order_id VARCHAR(10),
    product_id VARCHAR(10),
    quantity INT NOT NULL,
    FOREIGN KEY (order_id) REFERENCES Orders(order_id),
    FOREIGN KEY (product_id) REFERENCES Products(product_id)
);

INSERT INTO Customers VALUES ('C002', 'Priya Sharma', 'priya@gmail.com', 'Delhi');
INSERT INTO Customers VALUES ('C001', 'Rohan Mehta', 'rohan@gmail.com', 'Mumbai');
INSERT INTO Customers VALUES ('C006', 'Neha Gupta', 'neha@gmail.com', 'Delhi');
INSERT INTO Customers VALUES ('C003', 'Amit Verma', 'amit@gmail.com', 'Bangalore');
INSERT INTO Customers VALUES ('C005', 'Vikram Singh', 'vikram@gmail.com', 'Mumbai');
INSERT INTO Customers VALUES ('C004', 'Sneha Iyer', 'sneha@gmail.com', 'Chennai');
INSERT INTO Customers VALUES ('C007', 'Arjun Nair', 'arjun@gmail.com', 'Bangalore');
INSERT INTO Customers VALUES ('C008', 'Kavya Rao', 'kavya@gmail.com', 'Hyderabad');
INSERT INTO Products VALUES ('P004', 'Notebook', 'Stationery', 120);
INSERT INTO Products VALUES ('P007', 'Pen Set', 'Stationery', 250);
INSERT INTO Products VALUES ('P005', 'Headphones', 'Electronics', 3200);
INSERT INTO Products VALUES ('P003', 'Desk Chair', 'Furniture', 8500);
INSERT INTO Products VALUES ('P006', 'Standing Desk', 'Furniture', 22000);
INSERT INTO Products VALUES ('P008', 'Webcam', 'Electronics', 2100);
INSERT INTO Products VALUES ('P001', 'Laptop', 'Electronics', 55000);
INSERT INTO Products VALUES ('P002', 'Mouse', 'Electronics', 800);
INSERT INTO SalesReps VALUES ('SR02', 'Anita Desai', 'anita@corp.com', 'Delhi Office, Connaught Place, New Delhi - 110001');
INSERT INTO SalesReps VALUES ('SR01', 'Deepak Joshi', 'deepak@corp.com', 'Mumbai HQ, Nariman Point, Mumbai - 400021');
INSERT INTO SalesReps VALUES ('SR03', 'Ravi Kumar', 'ravi@corp.com', 'South Zone, MG Road, Bangalore - 560001');

INSERT INTO Orders VALUES ('ORD1027', '2023-11-02', 'C002', 'SR02');
INSERT INTO Orders VALUES ('ORD1114', '2023-08-06', 'C001', 'SR01');
INSERT INTO Orders VALUES ('ORD1153', '2023-02-14', 'C006', 'SR01');
INSERT INTO Orders VALUES ('ORD1002', '2023-01-17', 'C002', 'SR02');
INSERT INTO Orders VALUES ('ORD1118', '2023-11-10', 'C006', 'SR02');
INSERT INTO Orders VALUES ('ORD1132', '2023-03-07', 'C003', 'SR02');
INSERT INTO Orders VALUES ('ORD1037', '2023-03-06', 'C002', 'SR03');
INSERT INTO Orders VALUES ('ORD1075', '2023-04-18', 'C005', 'SR03');
INSERT INTO Orders VALUES ('ORD1083', '2023-07-03', 'C006', 'SR01');
INSERT INTO Orders VALUES ('ORD1091', '2023-07-24', 'C001', 'SR01');
INSERT INTO Orders VALUES ('ORD1162', '2023-09-29', 'C006', 'SR03');
INSERT INTO Orders VALUES ('ORD1185', '2023-06-15', 'C003', 'SR03');
INSERT INTO Orders VALUES ('ORD1076', '2023-05-16', 'C004', 'SR03');
INSERT INTO Orders VALUES ('ORD1133', '2023-10-16', 'C001', 'SR03');
INSERT INTO Orders VALUES ('ORD1061', '2023-10-27', 'C006', 'SR01');
INSERT INTO Orders VALUES ('ORD1098', '2023-10-03', 'C007', 'SR03');
INSERT INTO Orders VALUES ('ORD1131', '2023-06-22', 'C008', 'SR02');
INSERT INTO Orders VALUES ('ORD1137', '2023-05-10', 'C005', 'SR02');
INSERT INTO Orders VALUES ('ORD1022', '2023-10-15', 'C005', 'SR01');
INSERT INTO Orders VALUES ('ORD1054', '2023-10-04', 'C002', 'SR03');
INSERT INTO Orders VALUES ('ORD1095', '2023-08-11', 'C001', 'SR03');
INSERT INTO Orders VALUES ('ORD1125', '2023-07-28', 'C004', 'SR02');
INSERT INTO Orders VALUES ('ORD1166', '2023-09-05', 'C003', 'SR01');
INSERT INTO Orders VALUES ('ORD1033', '2023-03-24', 'C004', 'SR02');
INSERT INTO Orders VALUES ('ORD1025', '2023-02-26', 'C008', 'SR01');
INSERT INTO Orders VALUES ('ORD1093', '2023-06-19', 'C007', 'SR03');
INSERT INTO Orders VALUES ('ORD1144', '2023-01-14', 'C005', 'SR03');
INSERT INTO Orders VALUES ('ORD1143', '2023-02-28', 'C003', 'SR03');
INSERT INTO Orders VALUES ('ORD1163', '2023-06-19', 'C007', 'SR03');
INSERT INTO Orders VALUES ('ORD1092', '2023-05-23', 'C005', 'SR01');
INSERT INTO Orders VALUES ('ORD1148', '2023-02-05', 'C007', 'SR02');
INSERT INTO Orders VALUES ('ORD1043', '2023-01-04', 'C004', 'SR01');
INSERT INTO Orders VALUES ('ORD1169', '2023-01-28', 'C003', 'SR01');
INSERT INTO Orders VALUES ('ORD1021', '2023-08-23', 'C008', 'SR03');
INSERT INTO Orders VALUES ('ORD1048', '2023-08-09', 'C002', 'SR03');
INSERT INTO Orders VALUES ('ORD1049', '2023-01-28', 'C007', 'SR02');
INSERT INTO Orders VALUES ('ORD1101', '2023-06-17', 'C005', 'SR02');
INSERT INTO Orders VALUES ('ORD1180', '2023-06-02', 'C008', 'SR01');
INSERT INTO Orders VALUES ('ORD1094', '2023-10-25', 'C002', 'SR01');
INSERT INTO Orders VALUES ('ORD1161', '2023-05-05', 'C004', 'SR03');
INSERT INTO Orders VALUES ('ORD1012', '2023-05-29', 'C001', 'SR01');
INSERT INTO Orders VALUES ('ORD1086', '2023-07-31', 'C003', 'SR01');
INSERT INTO Orders VALUES ('ORD1124', '2023-12-22', 'C003', 'SR02');
INSERT INTO Orders VALUES ('ORD1035', '2023-05-03', 'C002', 'SR02');
INSERT INTO Orders VALUES ('ORD1089', '2023-04-24', 'C001', 'SR02');
INSERT INTO Orders VALUES ('ORD1127', '2023-12-23', 'C007', 'SR03');
INSERT INTO Orders VALUES ('ORD1047', '2023-07-28', 'C008', 'SR02');
INSERT INTO Orders VALUES ('ORD1090', '2023-04-27', 'C008', 'SR02');
INSERT INTO Orders VALUES ('ORD1155', '2023-09-11', 'C007', 'SR01');
INSERT INTO Orders VALUES ('ORD1017', '2023-11-24', 'C008', 'SR02');
INSERT INTO Orders VALUES ('ORD1154', '2023-10-19', 'C008', 'SR02');
INSERT INTO Orders VALUES ('ORD1147', '2023-01-22', 'C002', 'SR03');
INSERT INTO Orders VALUES ('ORD1158', '2023-02-13', 'C001', 'SR01');
INSERT INTO Orders VALUES ('ORD1045', '2023-05-23', 'C002', 'SR01');
INSERT INTO Orders VALUES ('ORD1167', '2023-06-01', 'C005', 'SR01');
INSERT INTO Orders VALUES ('ORD1009', '2023-01-23', 'C006', 'SR02');
INSERT INTO Orders VALUES ('ORD1173', '2023-01-27', 'C006', 'SR01');
INSERT INTO Orders VALUES ('ORD1096', '2023-09-19', 'C006', 'SR03');
INSERT INTO Orders VALUES ('ORD1149', '2023-09-08', 'C006', 'SR02');
INSERT INTO Orders VALUES ('ORD1164', '2023-05-09', 'C008', 'SR02');
INSERT INTO Orders VALUES ('ORD1007', '2023-04-21', 'C006', 'SR01');
INSERT INTO Orders VALUES ('ORD1100', '2023-06-03', 'C006', 'SR01');
INSERT INTO Orders VALUES ('ORD1053', '2023-08-15', 'C004', 'SR01');
INSERT INTO Orders VALUES ('ORD1028', '2023-12-15', 'C005', 'SR01');
INSERT INTO Orders VALUES ('ORD1099', '2023-12-07', 'C006', 'SR01');
INSERT INTO Orders VALUES ('ORD1165', '2023-06-11', 'C002', 'SR01');
INSERT INTO Orders VALUES ('ORD1001', '2023-02-22', 'C004', 'SR03');
INSERT INTO Orders VALUES ('ORD1039', '2023-12-20', 'C007', 'SR03');
INSERT INTO Orders VALUES ('ORD1111', '2023-11-09', 'C001', 'SR02');
INSERT INTO Orders VALUES ('ORD1030', '2023-08-21', 'C005', 'SR01');
INSERT INTO Orders VALUES ('ORD1003', '2023-09-16', 'C002', 'SR01');
INSERT INTO Orders VALUES ('ORD1157', '2023-12-26', 'C006', 'SR03');
INSERT INTO Orders VALUES ('ORD1121', '2023-05-21', 'C008', 'SR01');
INSERT INTO Orders VALUES ('ORD1123', '2023-02-11', 'C006', 'SR03');
INSERT INTO Orders VALUES ('ORD1106', '2023-08-15', 'C006', 'SR02');
INSERT INTO Orders VALUES ('ORD1016', '2023-05-06', 'C003', 'SR03');
INSERT INTO Orders VALUES ('ORD1102', '2023-04-09', 'C005', 'SR01');
INSERT INTO Orders VALUES ('ORD1034', '2023-09-08', 'C001', 'SR02');
INSERT INTO Orders VALUES ('ORD1026', '2023-08-05', 'C003', 'SR03');
INSERT INTO Orders VALUES ('ORD1087', '2023-07-30', 'C003', 'SR02');
INSERT INTO Orders VALUES ('ORD1056', '2023-07-25', 'C008', 'SR01');
INSERT INTO Orders VALUES ('ORD1080', '2023-02-27', 'C007', 'SR01');
INSERT INTO Orders VALUES ('ORD1107', '2023-03-28', 'C008', 'SR03');
INSERT INTO Orders VALUES ('ORD1079', '2023-08-15', 'C005', 'SR03');
INSERT INTO Orders VALUES ('ORD1046', '2023-10-20', 'C004', 'SR01');
INSERT INTO Orders VALUES ('ORD1066', '2023-12-09', 'C006', 'SR01');
INSERT INTO Orders VALUES ('ORD1024', '2023-03-12', 'C007', 'SR01');
INSERT INTO Orders VALUES ('ORD1136', '2023-06-22', 'C004', 'SR02');
INSERT INTO Orders VALUES ('ORD1142', '2023-05-12', 'C004', 'SR03');
INSERT INTO Orders VALUES ('ORD1170', '2023-03-06', 'C005', 'SR01');
INSERT INTO Orders VALUES ('ORD1146', '2023-06-04', 'C004', 'SR03');
INSERT INTO Orders VALUES ('ORD1105', '2023-10-24', 'C005', 'SR02');
INSERT INTO Orders VALUES ('ORD1183', '2023-12-05', 'C004', 'SR01');
INSERT INTO Orders VALUES ('ORD1065', '2023-08-03', 'C001', 'SR01');
INSERT INTO Orders VALUES ('ORD1122', '2023-05-01', 'C002', 'SR02');
INSERT INTO Orders VALUES ('ORD1014', '2023-03-25', 'C008', 'SR02');
INSERT INTO Orders VALUES ('ORD1181', '2023-10-19', 'C007', 'SR01');
INSERT INTO Orders VALUES ('ORD1032', '2023-09-17', 'C005', 'SR03');
INSERT INTO Orders VALUES ('ORD1184', '2023-03-30', 'C003', 'SR01');
INSERT INTO Orders VALUES ('ORD1129', '2023-10-03', 'C007', 'SR02');
INSERT INTO Orders VALUES ('ORD1134', '2023-03-11', 'C002', 'SR02');
INSERT INTO Orders VALUES ('ORD1004', '2023-11-29', 'C001', 'SR01');
INSERT INTO Orders VALUES ('ORD1070', '2023-02-05', 'C005', 'SR02');
INSERT INTO Orders VALUES ('ORD1097', '2023-05-11', 'C007', 'SR01');
INSERT INTO Orders VALUES ('ORD1051', '2023-10-02', 'C004', 'SR01');
INSERT INTO Orders VALUES ('ORD1084', '2023-07-01', 'C004', 'SR01');
INSERT INTO Orders VALUES ('ORD1159', '2023-05-04', 'C007', 'SR03');
INSERT INTO Orders VALUES ('ORD1063', '2023-12-12', 'C002', 'SR01');
INSERT INTO Orders VALUES ('ORD1088', '2023-02-25', 'C005', 'SR03');
INSERT INTO Orders VALUES ('ORD1117', '2023-12-08', 'C003', 'SR02');
INSERT INTO Orders VALUES ('ORD1172', '2023-09-03', 'C005', 'SR01');
INSERT INTO Orders VALUES ('ORD1141', '2023-08-31', 'C003', 'SR01');
INSERT INTO Orders VALUES ('ORD1109', '2023-12-11', 'C006', 'SR01');
INSERT INTO Orders VALUES ('ORD1013', '2023-07-14', 'C004', 'SR01');
INSERT INTO Orders VALUES ('ORD1085', '2023-03-21', 'C007', 'SR03');
INSERT INTO Orders VALUES ('ORD1041', '2023-03-03', 'C008', 'SR02');
INSERT INTO Orders VALUES ('ORD1156', '2023-07-01', 'C003', 'SR01');
INSERT INTO Orders VALUES ('ORD1052', '2023-05-23', 'C003', 'SR01');
INSERT INTO Orders VALUES ('ORD1130', '2023-05-20', 'C004', 'SR01');
INSERT INTO Orders VALUES ('ORD1060', '2023-10-05', 'C001', 'SR03');
INSERT INTO Orders VALUES ('ORD1011', '2023-12-27', 'C006', 'SR01');
INSERT INTO Orders VALUES ('ORD1062', '2023-02-11', 'C003', 'SR03');
INSERT INTO Orders VALUES ('ORD1182', '2023-02-20', 'C001', 'SR01');
INSERT INTO Orders VALUES ('ORD1081', '2023-07-09', 'C003', 'SR01');
INSERT INTO Orders VALUES ('ORD1055', '2023-03-27', 'C002', 'SR01');
INSERT INTO Orders VALUES ('ORD1177', '2023-05-08', 'C005', 'SR01');
INSERT INTO Orders VALUES ('ORD1135', '2023-07-14', 'C003', 'SR02');
INSERT INTO Orders VALUES ('ORD1071', '2023-08-13', 'C006', 'SR01');
INSERT INTO Orders VALUES ('ORD1113', '2023-05-05', 'C007', 'SR02');
INSERT INTO Orders VALUES ('ORD1178', '2023-11-02', 'C007', 'SR01');
INSERT INTO Orders VALUES ('ORD1044', '2023-01-17', 'C001', 'SR01');
INSERT INTO Orders VALUES ('ORD1140', '2023-01-11', 'C001', 'SR01');
INSERT INTO Orders VALUES ('ORD1168', '2023-01-08', 'C006', 'SR02');
INSERT INTO Orders VALUES ('ORD1005', '2023-10-29', 'C007', 'SR02');
INSERT INTO Orders VALUES ('ORD1058', '2023-12-23', 'C008', 'SR02');
INSERT INTO Orders VALUES ('ORD1023', '2023-08-08', 'C005', 'SR03');
INSERT INTO Orders VALUES ('ORD1006', '2023-12-24', 'C001', 'SR01');
INSERT INTO Orders VALUES ('ORD1064', '2023-05-07', 'C007', 'SR03');
INSERT INTO Orders VALUES ('ORD1082', '2023-01-22', 'C003', 'SR01');
INSERT INTO Orders VALUES ('ORD1110', '2023-03-17', 'C004', 'SR01');
INSERT INTO Orders VALUES ('ORD1010', '2023-10-10', 'C002', 'SR01');
INSERT INTO Orders VALUES ('ORD1020', '2023-06-11', 'C002', 'SR03');
INSERT INTO Orders VALUES ('ORD1151', '2023-09-25', 'C007', 'SR03');
INSERT INTO Orders VALUES ('ORD1126', '2023-04-16', 'C008', 'SR01');
INSERT INTO Orders VALUES ('ORD1138', '2023-10-04', 'C008', 'SR03');
INSERT INTO Orders VALUES ('ORD1128', '2023-06-30', 'C007', 'SR01');
INSERT INTO Orders VALUES ('ORD1069', '2023-04-20', 'C002', 'SR03');
INSERT INTO Orders VALUES ('ORD1103', '2023-03-31', 'C007', 'SR03');
INSERT INTO Orders VALUES ('ORD1077', '2023-02-17', 'C008', 'SR01');
INSERT INTO Orders VALUES ('ORD1119', '2023-08-17', 'C007', 'SR03');
INSERT INTO Orders VALUES ('ORD1031', '2023-09-17', 'C005', 'SR01');
INSERT INTO Orders VALUES ('ORD1112', '2023-10-22', 'C008', 'SR03');
INSERT INTO Orders VALUES ('ORD1174', '2023-02-03', 'C008', 'SR01');
INSERT INTO Orders VALUES ('ORD1145', '2023-04-12', 'C007', 'SR03');
INSERT INTO Orders VALUES ('ORD1179', '2023-09-25', 'C004', 'SR01');
INSERT INTO Orders VALUES ('ORD1078', '2023-06-20', 'C005', 'SR01');
INSERT INTO Orders VALUES ('ORD1042', '2023-01-11', 'C004', 'SR02');
INSERT INTO Orders VALUES ('ORD1015', '2023-05-17', 'C006', 'SR03');
INSERT INTO Orders VALUES ('ORD1171', '2023-01-07', 'C008', 'SR01');
INSERT INTO Orders VALUES ('ORD1036', '2023-02-13', 'C004', 'SR01');
INSERT INTO Orders VALUES ('ORD1068', '2023-01-05', 'C008', 'SR01');
INSERT INTO Orders VALUES ('ORD1038', '2023-05-16', 'C008', 'SR01');
INSERT INTO Orders VALUES ('ORD1057', '2023-07-19', 'C003', 'SR01');
INSERT INTO Orders VALUES ('ORD1139', '2023-02-05', 'C006', 'SR03');
INSERT INTO Orders VALUES ('ORD1029', '2023-06-24', 'C005', 'SR03');
INSERT INTO Orders VALUES ('ORD1108', '2023-11-21', 'C005', 'SR03');
INSERT INTO Orders VALUES ('ORD1050', '2023-06-23', 'C001', 'SR03');
INSERT INTO Orders VALUES ('ORD1150', '2023-08-24', 'C007', 'SR03');
INSERT INTO Orders VALUES ('ORD1160', '2023-02-17', 'C008', 'SR01');
INSERT INTO Orders VALUES ('ORD1067', '2023-03-09', 'C004', 'SR02');
INSERT INTO Orders VALUES ('ORD1175', '2023-10-23', 'C008', 'SR01');
INSERT INTO Orders VALUES ('ORD1018', '2023-01-29', 'C004', 'SR02');
INSERT INTO Orders VALUES ('ORD1116', '2023-03-04', 'C001', 'SR01');
INSERT INTO Orders VALUES ('ORD1072', '2023-09-28', 'C005', 'SR03');
INSERT INTO Orders VALUES ('ORD1073', '2023-03-10', 'C005', 'SR01');
INSERT INTO Orders VALUES ('ORD1059', '2023-06-01', 'C008', 'SR01');
INSERT INTO Orders VALUES ('ORD1008', '2023-02-19', 'C002', 'SR02');
INSERT INTO Orders VALUES ('ORD1074', '2023-10-11', 'C002', 'SR03');
INSERT INTO Orders VALUES ('ORD1120', '2023-05-07', 'C008', 'SR02');
INSERT INTO Orders VALUES ('ORD1152', '2023-10-31', 'C008', 'SR02');
INSERT INTO Orders VALUES ('ORD1176', '2023-03-18', 'C001', 'SR01');
INSERT INTO Orders VALUES ('ORD1115', '2023-09-23', 'C003', 'SR03');
INSERT INTO Orders VALUES ('ORD1104', '2023-01-01', 'C005', 'SR03');
INSERT INTO Orders VALUES ('ORD1000', '2023-05-21', 'C002', 'SR03');
INSERT INTO Orders VALUES ('ORD1040', '2023-11-29', 'C005', 'SR03');
INSERT INTO Orders VALUES ('ORD1019', '2023-07-25', 'C001', 'SR02');
INSERT INTO OrderItems VALUES (1, 'ORD1027', 'P004', 4);
INSERT INTO OrderItems VALUES (2, 'ORD1114', 'P007', 2);
INSERT INTO OrderItems VALUES (3, 'ORD1153', 'P007', 3);
INSERT INTO OrderItems VALUES (4, 'ORD1002', 'P005', 1);
INSERT INTO OrderItems VALUES (5, 'ORD1118', 'P007', 5);
INSERT INTO OrderItems VALUES (6, 'ORD1132', 'P007', 5);
INSERT INTO OrderItems VALUES (7, 'ORD1037', 'P007', 2);
INSERT INTO OrderItems VALUES (8, 'ORD1075', 'P003', 3);
INSERT INTO OrderItems VALUES (9, 'ORD1083', 'P007', 2);
INSERT INTO OrderItems VALUES (10, 'ORD1091', 'P006', 3);
INSERT INTO OrderItems VALUES (11, 'ORD1162', 'P004', 3);
INSERT INTO OrderItems VALUES (12, 'ORD1185', 'P008', 1);
INSERT INTO OrderItems VALUES (13, 'ORD1076', 'P006', 5);
INSERT INTO OrderItems VALUES (14, 'ORD1133', 'P004', 1);
INSERT INTO OrderItems VALUES (15, 'ORD1061', 'P001', 4);
INSERT INTO OrderItems VALUES (16, 'ORD1098', 'P001', 2);
INSERT INTO OrderItems VALUES (17, 'ORD1131', 'P001', 4);
INSERT INTO OrderItems VALUES (18, 'ORD1137', 'P007', 1);
INSERT INTO OrderItems VALUES (19, 'ORD1022', 'P002', 5);
INSERT INTO OrderItems VALUES (20, 'ORD1054', 'P001', 1);
INSERT INTO OrderItems VALUES (21, 'ORD1095', 'P001', 3);
INSERT INTO OrderItems VALUES (22, 'ORD1125', 'P001', 3);
INSERT INTO OrderItems VALUES (23, 'ORD1166', 'P002', 3);
INSERT INTO OrderItems VALUES (24, 'ORD1033', 'P002', 5);
INSERT INTO OrderItems VALUES (25, 'ORD1025', 'P001', 2);
INSERT INTO OrderItems VALUES (26, 'ORD1093', 'P006', 1);
INSERT INTO OrderItems VALUES (27, 'ORD1144', 'P001', 3);
INSERT INTO OrderItems VALUES (28, 'ORD1143', 'P005', 2);
INSERT INTO OrderItems VALUES (29, 'ORD1163', 'P006', 3);
INSERT INTO OrderItems VALUES (30, 'ORD1092', 'P007', 3);
INSERT INTO OrderItems VALUES (31, 'ORD1148', 'P006', 5);
INSERT INTO OrderItems VALUES (32, 'ORD1043', 'P005', 1);
INSERT INTO OrderItems VALUES (33, 'ORD1169', 'P003', 5);
INSERT INTO OrderItems VALUES (34, 'ORD1021', 'P004', 2);
INSERT INTO OrderItems VALUES (35, 'ORD1048', 'P001', 3);
INSERT INTO OrderItems VALUES (36, 'ORD1049', 'P004', 1);
INSERT INTO OrderItems VALUES (37, 'ORD1101', 'P006', 4);
INSERT INTO OrderItems VALUES (38, 'ORD1180', 'P004', 3);
INSERT INTO OrderItems VALUES (39, 'ORD1094', 'P003', 3);
INSERT INTO OrderItems VALUES (40, 'ORD1161', 'P004', 3);
INSERT INTO OrderItems VALUES (41, 'ORD1012', 'P006', 1);
INSERT INTO OrderItems VALUES (42, 'ORD1086', 'P007', 1);
INSERT INTO OrderItems VALUES (43, 'ORD1124', 'P002', 2);
INSERT INTO OrderItems VALUES (44, 'ORD1035', 'P003', 1);
INSERT INTO OrderItems VALUES (45, 'ORD1089', 'P007', 2);
INSERT INTO OrderItems VALUES (46, 'ORD1127', 'P007', 1);
INSERT INTO OrderItems VALUES (47, 'ORD1047', 'P002', 2);
INSERT INTO OrderItems VALUES (48, 'ORD1090', 'P003', 2);
INSERT INTO OrderItems VALUES (49, 'ORD1155', 'P003', 3);
INSERT INTO OrderItems VALUES (50, 'ORD1017', 'P004', 5);
INSERT INTO OrderItems VALUES (51, 'ORD1154', 'P002', 5);
INSERT INTO OrderItems VALUES (52, 'ORD1147', 'P007', 3);
INSERT INTO OrderItems VALUES (53, 'ORD1158', 'P005', 2);
INSERT INTO OrderItems VALUES (54, 'ORD1045', 'P005', 4);
INSERT INTO OrderItems VALUES (55, 'ORD1167', 'P001', 2);
INSERT INTO OrderItems VALUES (56, 'ORD1009', 'P005', 4);
INSERT INTO OrderItems VALUES (57, 'ORD1173', 'P002', 2);
INSERT INTO OrderItems VALUES (58, 'ORD1096', 'P004', 1);
INSERT INTO OrderItems VALUES (59, 'ORD1149', 'P001', 1);
INSERT INTO OrderItems VALUES (60, 'ORD1164', 'P003', 2);
INSERT INTO OrderItems VALUES (61, 'ORD1007', 'P003', 3);
INSERT INTO OrderItems VALUES (62, 'ORD1100', 'P006', 5);
INSERT INTO OrderItems VALUES (63, 'ORD1053', 'P007', 5);
INSERT INTO OrderItems VALUES (64, 'ORD1028', 'P005', 1);
INSERT INTO OrderItems VALUES (65, 'ORD1099', 'P004', 3);
INSERT INTO OrderItems VALUES (66, 'ORD1165', 'P006', 1);
INSERT INTO OrderItems VALUES (67, 'ORD1001', 'P002', 5);
INSERT INTO OrderItems VALUES (68, 'ORD1039', 'P002', 2);
INSERT INTO OrderItems VALUES (69, 'ORD1111', 'P002', 1);
INSERT INTO OrderItems VALUES (70, 'ORD1030', 'P004', 1);
INSERT INTO OrderItems VALUES (71, 'ORD1003', 'P002', 5);
INSERT INTO OrderItems VALUES (72, 'ORD1157', 'P003', 3);
INSERT INTO OrderItems VALUES (73, 'ORD1121', 'P006', 4);
INSERT INTO OrderItems VALUES (74, 'ORD1123', 'P003', 2);
INSERT INTO OrderItems VALUES (75, 'ORD1106', 'P004', 2);
INSERT INTO OrderItems VALUES (76, 'ORD1016', 'P005', 2);
INSERT INTO OrderItems VALUES (77, 'ORD1102', 'P005', 4);
INSERT INTO OrderItems VALUES (78, 'ORD1034', 'P005', 1);
INSERT INTO OrderItems VALUES (79, 'ORD1026', 'P007', 5);
INSERT INTO OrderItems VALUES (80, 'ORD1087', 'P006', 2);
INSERT INTO OrderItems VALUES (81, 'ORD1056', 'P004', 1);
INSERT INTO OrderItems VALUES (82, 'ORD1080', 'P005', 1);
INSERT INTO OrderItems VALUES (83, 'ORD1107', 'P007', 1);
INSERT INTO OrderItems VALUES (84, 'ORD1079', 'P002', 5);
INSERT INTO OrderItems VALUES (85, 'ORD1046', 'P005', 5);
INSERT INTO OrderItems VALUES (86, 'ORD1066', 'P003', 3);
INSERT INTO OrderItems VALUES (87, 'ORD1024', 'P003', 5);
INSERT INTO OrderItems VALUES (88, 'ORD1136', 'P004', 4);
INSERT INTO OrderItems VALUES (89, 'ORD1142', 'P004', 3);
INSERT INTO OrderItems VALUES (90, 'ORD1170', 'P006', 3);
INSERT INTO OrderItems VALUES (91, 'ORD1146', 'P001', 5);
INSERT INTO OrderItems VALUES (92, 'ORD1105', 'P002', 5);
INSERT INTO OrderItems VALUES (93, 'ORD1183', 'P003', 1);
INSERT INTO OrderItems VALUES (94, 'ORD1065', 'P005', 5);
INSERT INTO OrderItems VALUES (95, 'ORD1122', 'P006', 3);
INSERT INTO OrderItems VALUES (96, 'ORD1014', 'P006', 3);
INSERT INTO OrderItems VALUES (97, 'ORD1181', 'P003', 3);
INSERT INTO OrderItems VALUES (98, 'ORD1032', 'P007', 5);
INSERT INTO OrderItems VALUES (99, 'ORD1184', 'P002', 3);
INSERT INTO OrderItems VALUES (100, 'ORD1129', 'P007', 5);
INSERT INTO OrderItems VALUES (101, 'ORD1134', 'P006', 4);
INSERT INTO OrderItems VALUES (102, 'ORD1004', 'P005', 5);
INSERT INTO OrderItems VALUES (103, 'ORD1070', 'P002', 2);
INSERT INTO OrderItems VALUES (104, 'ORD1097', 'P005', 1);
INSERT INTO OrderItems VALUES (105, 'ORD1051', 'P002', 4);
INSERT INTO OrderItems VALUES (106, 'ORD1084', 'P006', 5);
INSERT INTO OrderItems VALUES (107, 'ORD1159', 'P004', 4);
INSERT INTO OrderItems VALUES (108, 'ORD1063', 'P005', 2);
INSERT INTO OrderItems VALUES (109, 'ORD1088', 'P002', 4);
INSERT INTO OrderItems VALUES (110, 'ORD1117', 'P007', 5);
INSERT INTO OrderItems VALUES (111, 'ORD1172', 'P004', 2);
INSERT INTO OrderItems VALUES (112, 'ORD1141', 'P002', 1);
INSERT INTO OrderItems VALUES (113, 'ORD1109', 'P001', 3);
INSERT INTO OrderItems VALUES (114, 'ORD1013', 'P007', 3);
INSERT INTO OrderItems VALUES (115, 'ORD1085', 'P005', 2);
INSERT INTO OrderItems VALUES (116, 'ORD1041', 'P005', 2);
INSERT INTO OrderItems VALUES (117, 'ORD1156', 'P004', 3);
INSERT INTO OrderItems VALUES (118, 'ORD1052', 'P004', 4);
INSERT INTO OrderItems VALUES (119, 'ORD1130', 'P004', 4);
INSERT INTO OrderItems VALUES (120, 'ORD1060', 'P005', 1);
INSERT INTO OrderItems VALUES (121, 'ORD1011', 'P005', 1);
INSERT INTO OrderItems VALUES (122, 'ORD1062', 'P001', 2);
INSERT INTO OrderItems VALUES (123, 'ORD1182', 'P005', 1);
INSERT INTO OrderItems VALUES (124, 'ORD1081', 'P005', 5);
INSERT INTO OrderItems VALUES (125, 'ORD1055', 'P007', 4);
INSERT INTO OrderItems VALUES (126, 'ORD1177', 'P001', 1);
INSERT INTO OrderItems VALUES (127, 'ORD1135', 'P001', 3);
INSERT INTO OrderItems VALUES (128, 'ORD1071', 'P003', 5);
INSERT INTO OrderItems VALUES (129, 'ORD1113', 'P004', 2);
INSERT INTO OrderItems VALUES (130, 'ORD1178', 'P005', 3);
INSERT INTO OrderItems VALUES (131, 'ORD1044', 'P002', 3);
INSERT INTO OrderItems VALUES (132, 'ORD1140', 'P002', 5);
INSERT INTO OrderItems VALUES (133, 'ORD1168', 'P002', 5);
INSERT INTO OrderItems VALUES (134, 'ORD1005', 'P002', 3);
INSERT INTO OrderItems VALUES (135, 'ORD1058', 'P003', 5);
INSERT INTO OrderItems VALUES (136, 'ORD1023', 'P006', 5);
INSERT INTO OrderItems VALUES (137, 'ORD1006', 'P007', 4);
INSERT INTO OrderItems VALUES (138, 'ORD1064', 'P001', 5);
INSERT INTO OrderItems VALUES (139, 'ORD1082', 'P004', 3);
INSERT INTO OrderItems VALUES (140, 'ORD1110', 'P007', 1);
INSERT INTO OrderItems VALUES (141, 'ORD1010', 'P004', 3);
INSERT INTO OrderItems VALUES (142, 'ORD1020', 'P002', 2);
INSERT INTO OrderItems VALUES (143, 'ORD1151', 'P002', 3);
INSERT INTO OrderItems VALUES (144, 'ORD1126', 'P004', 4);
INSERT INTO OrderItems VALUES (145, 'ORD1138', 'P001', 1);
INSERT INTO OrderItems VALUES (146, 'ORD1128', 'P004', 3);
INSERT INTO OrderItems VALUES (147, 'ORD1069', 'P001', 5);
INSERT INTO OrderItems VALUES (148, 'ORD1103', 'P006', 5);
INSERT INTO OrderItems VALUES (149, 'ORD1077', 'P003', 4);
INSERT INTO OrderItems VALUES (150, 'ORD1119', 'P007', 2);
INSERT INTO OrderItems VALUES (151, 'ORD1031', 'P005', 1);
INSERT INTO OrderItems VALUES (152, 'ORD1112', 'P004', 2);
INSERT INTO OrderItems VALUES (153, 'ORD1174', 'P001', 2);
INSERT INTO OrderItems VALUES (154, 'ORD1145', 'P004', 1);
INSERT INTO OrderItems VALUES (155, 'ORD1179', 'P007', 2);
INSERT INTO OrderItems VALUES (156, 'ORD1078', 'P001', 2);
INSERT INTO OrderItems VALUES (157, 'ORD1042', 'P001', 5);
INSERT INTO OrderItems VALUES (158, 'ORD1015', 'P002', 1);
INSERT INTO OrderItems VALUES (159, 'ORD1171', 'P001', 3);
INSERT INTO OrderItems VALUES (160, 'ORD1036', 'P005', 4);
INSERT INTO OrderItems VALUES (161, 'ORD1068', 'P003', 4);
INSERT INTO OrderItems VALUES (162, 'ORD1038', 'P005', 5);
INSERT INTO OrderItems VALUES (163, 'ORD1057', 'P004', 3);
INSERT INTO OrderItems VALUES (164, 'ORD1139', 'P002', 1);
INSERT INTO OrderItems VALUES (165, 'ORD1029', 'P007', 1);
INSERT INTO OrderItems VALUES (166, 'ORD1108', 'P005', 5);
INSERT INTO OrderItems VALUES (167, 'ORD1050', 'P004', 1);
INSERT INTO OrderItems VALUES (168, 'ORD1150', 'P003', 2);
INSERT INTO OrderItems VALUES (169, 'ORD1160', 'P004', 3);
INSERT INTO OrderItems VALUES (170, 'ORD1067', 'P003', 3);
INSERT INTO OrderItems VALUES (171, 'ORD1175', 'P001', 3);
INSERT INTO OrderItems VALUES (172, 'ORD1018', 'P006', 2);
INSERT INTO OrderItems VALUES (173, 'ORD1116', 'P005', 4);
INSERT INTO OrderItems VALUES (174, 'ORD1072', 'P005', 1);
INSERT INTO OrderItems VALUES (175, 'ORD1073', 'P006', 3);
INSERT INTO OrderItems VALUES (176, 'ORD1059', 'P002', 2);
INSERT INTO OrderItems VALUES (177, 'ORD1008', 'P001', 3);
INSERT INTO OrderItems VALUES (178, 'ORD1074', 'P001', 2);
INSERT INTO OrderItems VALUES (179, 'ORD1120', 'P004', 3);
INSERT INTO OrderItems VALUES (180, 'ORD1152', 'P004', 3);
INSERT INTO OrderItems VALUES (181, 'ORD1176', 'P002', 3);
INSERT INTO OrderItems VALUES (182, 'ORD1115', 'P007', 4);
INSERT INTO OrderItems VALUES (183, 'ORD1104', 'P004', 3);
INSERT INTO OrderItems VALUES (184, 'ORD1000', 'P001', 2);
INSERT INTO OrderItems VALUES (185, 'ORD1040', 'P004', 3);
INSERT INTO OrderItems VALUES (186, 'ORD1019', 'P007', 3);